year,month,date,title,frequency,type,country,field
1,1,1,New Year's Day,annual,holiday,International,
1975,1,1,Eiichiro Oda,annual,birthday,Japan,Mangaka
1914,1,1,Nguyễn Chí Thanh,annual,birthday,Vietnam,General
1960,1,2,Naoki Urasawa,annual,birthday,Japan,Mangaka
1892,1,3,J.R.R. Tolkien,annual,birthday,United Kingdom,Literature
1766,1,3,Nguyễn Du,annual,birthday,Vietnam,Literature
1941,1,5,Hayao Miyazaki,annual,birthday,Japan,Mangaka
1955,1,6,Rowan Atkinson,annual,birthday,United Kingdom,Comedy
1920,1,10,League of Nations,annual,established,International,
1949,1,12,Murakami Haruki,annual,birthday,Japan,Literature
1875,1,14,Albert Schweitzer,annual,birthday,France,Philosophy
1929,1,15,"Martin Luther King, Jr.",annual,birthday,United States,
1706,1,17,Benjamin Franklin,annual,birthday,United States,Polymath
1809,1,19,Edgar Allan Poe,annual,birthday,United States,Literature
1930,1,20,Buzz Aldrin,annual,birthday,United States,Astronaut
2008,1,20,Breaking Bad,annual,released,United States,TV Series
1561,1,22,Francis Bacon,annual,birthday,United Kingdom,Philosophy
1788,1,26,Australia Day,annual,holiday,Australia,
1756,1,27,Wolfgang Amadeus Mozart,annual,birthday,Austria,
2013,2,2,House of Cards,annual,released,United States,
1953,2,4,Jerome Powell,annual,birthday,United States,Chair of the Federal Reserve
1812,2,7,Charles Dickens,annual,birthday,United Kingdom,Literature
1907,2,9,Trường Chinh,annual,birthday,Vietnam,
1988,2,10,Daniel Kwan,annual,birthday,United States,Director
1847,2,11,Thomas Edison,annual,birthday,United States,Engineer
1809,2,12,Charles Darwin,annual,birthday,United Kingdom,Biology
0,2,14,Valentine’s Day,annual,celebration,International,
1835,2,15,Nguyễn Khuyến,annual,birthday,Vietnam,
1965,2,18,Dr. Dre,annual,birthday,United States,
1979,2,21,Jordan Peele,annual,birthday,United States,Director
1976,2,24,Yuval Noah Harari,annual,birthday,Israel,Historian
1802,2,26,Victor Hugo,annual,birthday,France,Literature
1906,3,1,Phạm Văn Đồng,annual,birthday,Vietnam,
1980,3,1,Ron Weasley,annual,birthday,United Kingdom,Fictional
1968,3,2,Daniel Craig,annual,birthday,United States,Actor
1931,3,2,Mikhail Gorbachev,annual,birthday,Russia,President
1847,3,3,Alexander Graham Bell,annual,birthday,United States,Engineer
1678,3,4,Antonio Vivaldi,annual,birthday,Italy,Music
1475,3,6,Michelangelo,annual,birthday,Italy,Architecture
0,3,8,Women’s Day,annual,celebration,International,
1989,3,9,Kim Tae Yeon,annual,birthday,Korea,Singer
1934,3,10,Motoo Abiko,annual,birthday,Japan,Mangaka
1936,3,11,Antonin Scalia,annual,birthday,United States,Supreme Court Justice
1956,3,13,Jamie Dimon,annual,birthday,United States,Banker
1933,3,15,Ruth Bader Ginsburg,annual,birthday,United States,Supreme Court Justice
1971,3,22,Keegan-Michael Key,annual,birthday,United States,Comedy
1912,3,23,Wernher von Braun,annual,birthday,Germany,Engineer
1947,3,25,Elton John,annual,birthday,United Kingdom,Singer
1963,3,27,Quentin Tarantino,annual,birthday,United States,Director
1943,3,29,John Major,annual,birthday,United Kingdom,Prime Minister
1853,3,30,Vincent van Gogh,annual,birthday,Netherlands,Painter
1685,3,31,Johann Sebastian Bach,annual,birthday,Germany,Music
1805,4,2,Hans Christian Andersen,annual,birthday,Denmark,Literature
1934,4,3,Jane Goodall,annual,birthday,United Kingdom,
1961,4,3,Eddie Murphy,annual,birthday,United States,Comedy
1910,4,4,Đặng Văn Ngữ,annual,birthday,Vietnam,
1955,4,5,Akira Toriyama,annual,birthday,Japan,Mangaka
1483,4,6,Raphael,annual,birthday,Italy,Architecture
1907,4,7,Lê Duẩn,annual,birthday,Vietnam,
1938,4,8,Kofi Annan,annual,birthday,Ghana,
1947,4,12,David Letterman,annual,birthday,United States,Comedy
1452,4,15,Leonardo da Vinci,annual,birthday,Italy,Polymath
1894,4,15,Nikita Khrushchev,annual,birthday,Russia,Premier
1889,4,16,Charlie Chaplin,annual,birthday,United Kingdom,Comedy
1946,4,17,Independence Day,annual,holiday,Syria,
1889,4,20,Adolf Hitler,annual,birthday,Germany,Chancellor
1745,4,20,Philippe Pinel,annual,birthday,France,Physician
1926,4,21,Elizabeth II,annual,birthday,United Kingdom,Monarch
1947,4,25,ANZAC Day (Australia & New Zealand),annual,celebration,Australia,
1977,4,23,John Oliver,annual,birthday,United Kingdom,Comedy
1970,4,29,Andre Agassi,annual,birthday,United States,
0,4,30,Reunification Day,annual,holiday,Vietnam,
1777,4,30,Carl Friedrich Gauss,annual,birthday,Germany,Polymath
1916,4,30,Claude Shannon,annual,birthday,United States,Mathematics
0,5,1,Workers’ Day,annual,holiday,International,
1729,5,2,Catherine the Great,annual,birthday,Russia,Empress
1898,5,3,Golda Meir,annual,birthday,Israel,Prime Minister
1818,5,5,Karl Marx,annual,birthday,Germany,Economist
1953,5,6,Tony Blair,annual,birthday,United Kingdom,Prime Minister
1909,5,7,Phạm Ngọc Thạch,annual,birthday,Vietnam,
1996,5,7,Lee Sang-hyeok (Faker),annual,birthday,Korea,Gamer
1912,5,10,Tôn Thất Tùng,annual,birthday,Vietnam,
1900,5,11,Hồ Đắc Di,annual,birthday,Vietnam,
1937,5,12,George Carlin,annual,birthday,United States,Comedy
1839,5,12,Tôn Thất Thuyết,annual,birthday,Vietnam,
1944,5,14,George Lucas,annual,birthday,United States,Director
1993,5,16,IU,annual,birthday,Korea,Singer
1749,5,17,Edward Jenner,annual,birthday,United Kingdom,Psysician
1970,5,18,Tina Fey,annual,birthday,United States,Comedy
1890,5,19,Hồ Chí Minh,annual,birthday,Vietnam,President
1921,5,21,Andrei Sakharov,annual,birthday,Russia,
1859,5,22,Arthur Conan Doyle,annual,birthday,United Kingdom,Literature
1927,5,26,Nguyễn Thị Bình,annual,birthday,Vietnam,
1908,5,28,Ian Fleming,annual,birthday,United Kingdom,Literature
1819,5,31,Walt Whitman,annual,birthday,United States,Literature
1949,6,1,Children’s Day,annual,celebration,International,
1987,6,7,Daniel Scheinert,annual,birthday,United States,Director
1928,6,13,John Forbes Nash Jr.,annual,birthday,United States,Economist
1215,6,15,Magna Carta was Sealed,annual,milestone,United Kingdom,
1723,6,16,Adam Smith,annual,baptism,United Kingdom,Economist
1963,6,21,Gosho Aoyama,annual,birthday,Japan,Mangaka
1912,6,23,Alan Turing,annual,birthday,United Kingdom,Mathematics
1564,6,24,William Shakespeare,annual,baptism,United Kingdom,Literature
1961,6,25,Ricky Gervais,annual,birthday,United Kingdom,Comedy
1903,6,25,George Orwell,annual,birthday,United Kingdom,Literature
1945,6,26,United Nations,annual,founded,International,
1880,6,27,Helen Keller,annual,birthday,United States,Activist
1972,6,28,Ngô Bảo Châu,annual,birthday,Vietnam,Mathematics
1712,6,28,Jean-Jacques Rousseau,annual,birthday,France,Philosophy
1900,6,29,Antoine de Saint-Exupéry,annual,birthday,France,Literature
1985,6,30,Michael Phelps,annual,birthday,United States,Swimmer
1915,7,1,Nguyễn Văn Linh,annual,birthday,Vietnam,
1822,7,1,Nguyễn Đình Chiểu,annual,birthday,Vietnam,
1908,7,2,Thurgood Marshall,annual,birthday,United States,Supreme Court Justice
1883,7,3,Franz Kafka,annual,birthday,Czech,Literature
1776,7,4,Independence Day,annual,holiday,United States,
1962,7,5,Independence Day,annual,holiday,Algeria,
1975,7,6,50 Cent,annual,birthday,United States,Rapper
2011,7,9,Independence Day,annual,holiday,South Sudan,
1930,7,15,Jacques Derrida,annual,birthday,France,Philosophy
1918,7,18,Nelson Mandela,annual,birthday,South Africa,President
-336,7,20,[General] Alexander the Great,annual,birthday,Macedon,
1969,7,20,First human landing on the Moon,annual,milestone,United States,
1899,7,21,Ernest Hemingway,annual,birthday,United States,Literature
1951,7,21,Robin Williams,annual,birthday,United States,Comedy
1910,7,23,Tạ Quang Bửu,annual,birthday,Vietnam,
1936,7,23,Anthony Kennedy,annual,birthday,United States,Supreme Court Justice
1897,7,24,Amelia Earhart,annual,birthday,United States,Pilot
1928,7,26,Stanley Kubrick,annual,birthday,United States,Director
1976,7,27,Demis Hassabis,annual,birthday,United Kingdom,Data Scientist
1958,7,29,NASA,annual,founded,United States,
1883,7,29,Benito Mussolini,annual,birthday,Italy,Prime Minister
1981,7,29,Fernando Alonso,annual,birthday,Spain,F1 Driver
1863,7,30,Henry Ford,annual,birthday,United States,Engineer
1970,7,30,Christopher Nolan,annual,birthday,United States,Director
1912,7,31,Milton Friedman,annual,birthday,United States,Economist
1965,7,31,J. K. Rowling,annual,birthday,United Kingdom,Literature
1980,7,31,Harry Potter,annual,birthday,United Kingdom,Fictional
1930,8,5,Neil Armstrong,annual,birthday,United States,Astronaut
1950,8,11,Steve Wozniak,annual,birthday,United States,Engineer
1769,8,15,Napoléon Bonaparte,annual,birthday,France,General
1963,8,15,Alejandro González Iñárritu,annual,birthday,United States,Director
1988,8,18,G-Dragon,annual,birthday,Korea,Rapper
1890,8,20,H. P. Lovecraft,annual,birthday,United States,Literature
1920,8,22,Ray Bradbury,annual,birthday,United States,Literature
1973,8,24,Dave Chappelle,annual,birthday,United States,Comedy
1911,8,25,Võ Nguyên Giáp,annual,birthday,Vietnam,General
1917,8,28,Jack Kirby,annual,birthday,United States,Comics
1986,8,29,Hajime Isayama,annual,birthday,Japan,Mangaka
1945,9,2,Independence Day,annual,holiday,Vietnam,
1963,9,3,Malcolm Gladwell,annual,birthday,Canada,Journalism
1872,9,9,Phan Châu Trinh,annual,birthday,Vietnam,
1828,9,9,Leo Tolstoy,annual,birthday,Russia,Literature
1428,9,10,Lê Lợi,annual,birthday,Vietnam,Monarch
1957,9,12,Hans Zimmer,annual,birthday,Germany,Music
1913,9,13,Trần Đại Nghĩa,annual,birthday,Vietnam,
1969,9,14,Bong Joon-ho,annual,birthday,Korea,Director
1890,9,15,Agatha Christie,annual,birthday,United Kingdom,Literature
1956,9,16,David Copperfield,annual,birthday,United States,Magician
1979,9,19,Hermione Granger,annual,birthday,United Kingdom,Fictional
1948,9,20,George R. R. Martin,annual,birthday,United States,Literature
1897,9,25,William Faulkner,annual,birthday,United States,Literature
1947,9,21,Stephen King,annual,birthday,United States,Literature
-63,9,23,Augustus / Octavian,annual,birthday,Italy,Emperor
1914,10,1,Lê Trọng Tấn,annual,birthday,Vietnam,
1990,10,3,German Unity Day,annual,holiday,Germany,
1958,10,5,Neil deGrasse Tyson,annual,birthday,United States,Astrophysics
2013,10,8,World Dyslexia Day,annual,celebration,International,
1964,10,9,Guillermo del Toro,annual,birthday,United States,Director
1911,10,10,Lê Đức Thọ,annual,birthday,Vietnam,
1892,10,12,National Day,annual,holiday,Spain,
1925,10,13,Margaret Thatcher,annual,birthday,United Kingdom,Prime Minister
1844,10,15,Friedrich Nietzsche,annual,birthday,Germany,Philosophy
1854,10,16,Oscar Wilde,annual,birthday,United Kingdom,Literature
1972,10,17,Eminem,annual,birthday,United States,Rapper
1919,10,18,Pierre Trudeau,annual,birthday,Canada,Prime Minister
0,10,20,Women’s Day,annual,celebration,Vietnam,
1833,10,21,Alfred Nobel,annual,birthday,Sweden,Engineer
1954,10,23,Ang Lee,annual,birthday,Taiwan,Director
1881,10,25,Pablo Picasso,annual,birthday,Spain,Painter
1917,10,29,Nam Cao,annual,birthday,Vietnam,Literature
1930,10,31,Michael Collins,annual,birthday,United States,Astronaut
1952,11,2,Larry Fink,annual,birthday,United States,Banker
1913,11,7,Albert Camus,annual,birthday,France,Literature
1974,11,8,Masashi Kishimoto,annual,birthday,Japan,Mangaka
1847,11,8,Bram Stoker,annual,birthday,Japan,Literature
1989,11,9,Fall of the Berlin Wall,annual,milestone,Germany,
1483,11,10,Martin Luther,annual,birthday,Germany,Philosophy
1960,11,10,Neil Gaiman,annual,birthday,United Kingdom,Literature
1850,11,13,Robert Louis Stevenson,annual,birthday,United Kingdom,Literature
1923,11,15,Văn Cao,annual,birthday,Vietnam,Literature
1942,11,17,Martin Scorsese,annual,birthday,United States,Director
0,11,20,Teachers’ Day,annual,celebration,Vietnam,
1925,11,20,Robert F. Kennedy,annual,birthday,United States,Attorney General
1922,11,23,Võ Văn Kiệt,annual,birthday,Vietnam,
1962,11,28,Jon Stewart,annual,birthday,United States,Comedy
1898,11,29,C. S. Lewis,annual,birthday,United Kingdom,Literature
1835,11,30,Mark Twain,annual,birthday,United States,Literature
1940,12,1,Richard Pryor,annual,birthday,United States,Comedy
1933,12,1,Hiroshi Fujimoto,annual,birthday,Japan,Mangaka
1930,12,2,Gary Becker,annual,birthday,United States,Economist
1969,12,4,Jay-Z,annual,birthday,United States,Rapper
1995,12,4,JavaScript,annual,published,United States,Programming Language
1917,12,6,Independence Day,annual,holiday,Finland,
1948,12,10,Human Rights Day,annual,celebration,International,
1953,12,13,Ben Bernanke,annual,birthday,United States,Chair of the Federal Reserve
1971,12,13,J. Y. Park,annual,birthday,United States,Singer
1916,12,14,Shirley Jackson,annual,birthday,United Kingdom,Literature
1775,12,16,Jane Austen,annual,birthday,United Kingdom,Literature
1917,12,17,Arthur C. Clarke,annual,birthday,United Kingdom,Literature
1770,12,17,Ludwig van Beethoven,annual,baptism,Germany,Music
1946,12,18,Steven Spielberg,annual,birthday,United States,Director
1788,12,22,Quang Trung (Nguyễn Huệ)'s Coronation,annual,coronation,Vietnam,Monarch
1912,12,22,Hàn Mặc Tử,annual,birthday,Vietnam,Literature
0,12,24,Christmas Eve,annual,holiday,International,
0,12,25,Christmas Day,annual,holiday,International,
1867,12,26,Phan Bội Châu,annual,birthday,Vietnam,
1571,12,27,Johannes Kepler,annual,birthday,Germany,Mathematics
1969,12,28,Linus Torvalds,annual,birthday,Finland,Engineer
1903,12,28,John von Neumann,annual,birthday,United States,Mathematics
1922,12,28,Stan Lee,annual,birthday,United States,Comics
-1,12,31,International New Year's Eve,annual,holiday,International,
